<?xml version="1.0" encoding="UTF-8"?>
<project-private xmlns="http://www.netbeans.org/ns/project-private/1">
    <editor-bookmarks xmlns="http://www.netbeans.org/ns/editor-bookmarks/2" lastBookmarkId="0"/>
    <open-files xmlns="http://www.netbeans.org/ns/projectui-open-files/2">
        <group>
            <file>file:/Users/miguelcatalan/NetBeansProjects/progra-uno/CRUDExample/src/crudexample/EstudianteDB.java</file>
            <file>file:/Users/miguelcatalan/NetBeansProjects/progra-uno/CRUDExample/src/crudexample/Estudiante.java</file>
            <file>file:/Users/miguelcatalan/NetBeansProjects/progra-uno/CRUDExample/src/crudexample/CRUDExample.java</file>
            <file>file:/Users/miguelcatalan/NetBeansProjects/progra-uno/CRUDExample/src/crudexample/ConexionBD.java</file>
        </group>
    </open-files>
</project-private>
